"ID";"Name";"Photo";"global_id";"AdmArea";"District";"Location";"RegistrationNumber";"State";"LocationType";"geodata_center";"geoarea";
"Локальный идентификатор";"Название объекта";"Фотография";"global_id";"Административный округ по адресу";"Район";"Месторасположение";"Государственный регистрационный знак";"Состояние регистрации";"Тип места расположения";"geodata_center";"geoarea";
"2314";"CAROUSEL 6,70";"0f583f97-9bb7-4b44-b37e-bfae615e4780";"1060205189";"Центральный административный округ";"район Арбат";"Г. МОСКВА, УЛ. НОВЫЙ АРБАТ, Д.13";"2308-77";"аттракцион зарегистрирован";"площадка";"";"";
"2315";"CAROUSEL DOUBLE STOREY 10MEH";"25fcdf31-d2c8-4a44-ab05-c3d7b6b26f2f";"1060205191";"Южный административный округ";"район Братеево";"Г. МОСКВА, КЛЮЧЕВАЯ УЛ., Д.22, К.1";"0189-77";"аттракцион зарегистрирован";"площадка";"";"";
"2316";"CAROUSEL DOUBLE STOREY 10MEH";"616723f1-7598-4063-9125-ee7527fa0eee";"1060205193";"Северо-Западный административный округ";"район Куркино";"КУРКИНО";"0190-77";"аттракцион зарегистрирован";"площадка";"";"";
"2317";"CAROUSEL DOUBLE STOREY 10MEH";"bfc98209-4d8d-4189-b396-64f30ce01a06";"1060205195";"Юго-Восточный административный округ";"район Марьино";"УЛ.ПЕРЕРВА";"0191-77";"аттракцион зарегистрирован";"площадка";"";"";
"2318";"CAROUSEL DOUBLE STOREY 10MEH";"0e718ea4-111b-4785-a537-653e2818eaaa";"1060205197";"Западный административный округ";"район Очаково-Матвеевское";"УЛ.МАТВЕЕВСКАЯ";"0192-77";"аттракцион зарегистрирован";"площадка";"";"";
"2319";"CAROUSEL DOUBLE STOREY 10MEH";"e5238df8-3d7c-4d9a-89df-a657ed48656e";"1060205199";"Восточный административный округ";"район Гольяново";"СКВЕР У ГОЛЬЯНОВСКОГО ПРУДА";"0295-77";"аттракцион зарегистрирован";"площадка";"";"";
"2320";"CAROUSEL DOUBLE DECK-PARK MODEL";"109c726e-fe9f-4b75-ad79-83a9e6339223";"1060205201";"Юго-Западный административный округ";"район Черёмушки";"Г. МОСКВА, ПРОФСОЮЗНАЯ УЛ., Д. 41";"0194-77";"аттракцион зарегистрирован";"площадка";"";"";
"2322";"CAROUSEL DOUBLE DECK-PARK MODEL";"b8a9cf6e-e973-4c57-9e8d-9cc482aac648";"1060205203";"Восточный административный округ";"район Новокосино";"Г. МОСКВА, ГОРОДЕЦКАЯ УЛ., Д. 10";"0195-77";"аттракцион зарегистрирован";"площадка";"";"";
"2323";"CAROUSEL DOUBLE STOREY 10ME";"321fe8b8-3570-4951-bd49-1b4149076bbd";"1060205205";"Юго-Восточный административный округ";"район Кузьминки";"Г. МОСКВА, ПЛОЩАДЬ СЛАВЫ";"0196-77";"аттракцион зарегистрирован";"площадка";"";"";
"2324";"CAROUSEL DOUBLE DECK-PARK MODEL";"90461a53-565d-4953-9419-f435d47bad91";"1060205208";"Юго-Западный административный округ";"район Северное Бутово";"Г. МОСКВА, БУЛЬВ. ДМИТРИЯ ДОНСКОГО, Д.11";"0197-77";"аттракцион зарегистрирован";"площадка";"";"";
"2325";"CAROUSEL DOUBLE STOREY 10ME";"47b77884-d4c5-4d15-aa03-dcf373b33e86";"1060205210";"Северо-Западный административный округ";"район Митино";"Г. МОСКВА, УЛ. МИТИНСКАЯ, Д.31";"0198-77";"аттракцион зарегистрирован";"площадка";"";"";
"2326";"CAROUSEL DOUBLE DECK-PARK MODEL";"d2401a9b-c70c-4884-b1bd-c2e6dd01efd3";"1060205212";"Новомосковский административный округ";"поселение ""Мосрентген""";"Г. МОСКВА, ОРЕХОВЫЙ Б-Р, Д.24, СТР.1";"0199-77";"аттракцион зарегистрирован";"площадка";"";"";
"2327";"CAROUSEL DOUBLE STOREY 10ME";"e772c89d-ad3d-4354-9380-8d32f7bfcbd7";"1060205214";"Восточный административный округ";"район Косино-Ухтомский";"Г. МОСКВА, УЛ.СВЯТООЗЕРСКАЯ, Д.1";"0200-77";"аттракцион зарегистрирован";"площадка";"";"";
"2332";"5D КИНОТЕАТР";"08e99d59-f43f-4645-b00c-e7619f13a46d";"1060205224";"Юго-Западный административный округ";"Обручевский район";"ГАУК Г.МОСКВЫ УСАДЬБА ВОРОНЦОВО";"0206-77";"аттракцион зарегистрирован";"парк";"";"";
"375";"ДИНАМИЧЕСКИЙ ЛЕТАЮЩИЙ ТЕАТР НА 39 МЕСТ";"0d62e466-d76a-4888-8015-ecf9ef3364ef";"1060227319";"Центральный административный округ";"Тверской район";"ГАУК Г. МОСКВЫ «ПАРК «ЗАРЯДЬЕ»";"0100-77";"аттракцион зарегистрирован";"парк";"";"";
"376";"POLO NORD";"78f27b11-1cc7-4240-9781-bace9a346ddb";"1060227320";"Восточный административный округ";"район Сокольники";"ПАРК КУЛЬТУРЫ И ОТДЫХА «СОКОЛЬНИКИ»";"0101-77";"аттракцион зарегистрирован";"парк";"";"";
"379";"ТАНЦЕВАЛЬНЫЙ БАЛ";"b1a6ae65-8c14-42e3-8335-ba75e2b7106e";"1060227323";"Центральный административный округ";"район Якиманка";"ЦЕНТРАЛЬНЫЙ ПАРК КУЛЬТУРЫ И ОТДЫХА ИМЕНИ М. ГОРЬКОГО";"0104-77";"аттракцион зарегистрирован";"парк";"";"";
"380";"КАТАЛЬНАЯ ГОРА ЛОХНЕССКОЕ ЧУДОВИЩЕ";"ccc2980d-0256-4c64-a980-3669925d0b3f";"1060227324";"Северо-Западный административный округ";"район Северное Тушино";"ПАРК КУЛЬТУРЫ И ОТДЫХА «СЕВЕРНОЕ ТУШИНО»";"0105-77";"аттракцион зарегистрирован";"парк";"";"";
"381";"МИНИ-ДЖЕТ ПИРАТ";"0c4f15dc-5ba9-42ca-b2a9-42054394cf91";"1060227325";"Северо-Западный административный округ";"район Северное Тушино";"ПАРК КУЛЬТУРЫ И ОТДЫХА «СЕВЕРНОЕ ТУШИНО»";"0106-77";"аттракцион зарегистрирован";"парк";"";"";
"383";"ОСЬМИНОГ";"165d8ecf-0ec3-49e3-8e7a-f5d609ab4894";"1060227326";"Северо-Западный административный округ";"район Северное Тушино";"ПАРК КУЛЬТУРЫ И ОТДЫХА «СЕВЕРНОЕ ТУШИНО»";"0107-77";"аттракцион зарегистрирован";"парк";"";"";
"384";"ЦЕПОЧНАЯ КАРУСЕЛЬ";"c5494a83-7a16-4014-9eff-7b19a1287d3c";"1060227327";"Северо-Западный административный округ";"район Северное Тушино";"ПАРК КУЛЬТУРЫ И ОТДЫХА «СЕВЕРНОЕ ТУШИНО»";"0108-77";"аттракцион зарегистрирован";"парк";"";"";
"385";"ЛЕТАЮЩИЙ ДРАКОН";"9b2e5c31-4aa6-43a6-9d42-591c7c22e6eb";"1060227328";"Северо-Западный административный округ";"район Северное Тушино";"ПАРК КУЛЬТУРЫ И ОТДЫХА «СЕВЕРНОЕ ТУШИНО»";"0109-77";"аттракцион зарегистрирован";"парк";"";"";
"386";"КАЧЕЛИ ЛОДОЧКИ";"0f15c069-dd15-4948-ae96-cc21713b777c";"1060227329";"Северо-Западный административный округ";"район Северное Тушино";"ПАРК КУЛЬТУРЫ И ОТДЫХА «СЕВЕРНОЕ ТУШИНО»";"0110-77";"аттракцион зарегистрирован";"парк";"";"";
"387";"ВИРТУАЛЬНАЯ РЕАЛЬНОСТЬ БОИНГ";"187b6825-0923-4903-a43d-d6004e8a7ac8";"1060227330";"Северо-Западный административный округ";"район Северное Тушино";"ПАРК КУЛЬТУРЫ И ОТДЫХА «СЕВЕРНОЕ ТУШИНО»";"0111-77";"аттракцион зарегистрирован";"парк";"";"";
"388";"КАЧЕЛИ ВИКИНГ";"765fca91-3e7b-46ff-8621-3f4713d165c5";"1060227331";"Северо-Западный административный округ";"район Северное Тушино";"ПАРК КУЛЬТУРЫ И ОТДЫХА «СЕВЕРНОЕ ТУШИНО»";"0112-77";"аттракцион зарегистрирован";"парк";"";"";
"392";"КАРУСЕЛЬ SAFARI";"efbf4ced-8aae-40a1-873d-74839a8c1d59";"1060227335";"Юго-Восточный административный округ";"район Кузьминки";"ПАРК КУЛЬТУРЫ И ОТДЫХА «КУЗЬМИНКИ»";"0117-77";"аттракцион зарегистрирован";"парк";"";"";
"394";"SPACE JET 6";"b35a8ece-593f-4b22-9846-d99da0bae63c";"1060227337";"Юго-Восточный административный округ";"район Кузьминки";"ПАРК КУЛЬТУРЫ И ОТДЫХА «КУЗЬМИНКИ»";"0119-77";"аттракцион зарегистрирован";"парк";"";"";
"395";"КАРУСЕЛЬ КАЛИПСО";"29093616-17bb-4158-96cc-1dc7c847d358";"1060227338";"Юго-Восточный административный округ";"район Кузьминки";"ПАРК КУЛЬТУРЫ И ОТДЫХА «КУЗЬМИНКИ»";"0120-77";"аттракцион зарегистрирован";"парк";"";"";
"396";"MINI JET 6";"cb992c4c-f9ef-4781-8eb3-0209f13f995e";"1060227339";"Юго-Восточный административный округ";"район Кузьминки";"ПАРК КУЛЬТУРЫ И ОТДЫХА «КУЗЬМИНКИ»";"0121-77";"аттракцион зарегистрирован";"парк";"";"";
"397";"КАРУСЕЛЬ ЦЕПОЧНАЯ КЦ-1";"4e7b3c53-6b9b-4379-b9d9-f02aa548de5a";"1060227340";"Юго-Восточный административный округ";"район Кузьминки";"ПАРК КУЛЬТУРЫ И ОТДЫХА «КУЗЬМИНКИ»";"0122-77";"аттракцион зарегистрирован";"парк";"";"";
"398";"CRAZY BUS";"b43043ca-89f4-4bbe-ac09-ccf3e3046ee7";"1060227341";"Юго-Восточный административный округ";"район Кузьминки";"ПАРК КУЛЬТУРЫ И ОТДЫХА «КУЗЬМИНКИ»";"0123-77";"аттракцион зарегистрирован";"парк";"";"";
"399";"КОЛОБОК";"8ef8fddf-c46e-4be6-a39e-8f62e3b89f4d";"1060227342";"Юго-Восточный административный округ";"район Кузьминки";"ПАРК КУЛЬТУРЫ И ОТДЫХА «КУЗЬМИНКИ»";"0124-77";"аттракцион зарегистрирован";"парк";"";"";
"400";"MAGIC BIKES 6";"6a088104-2f29-4690-9619-6f8cfdc043e5";"1060227941";"Юго-Восточный административный округ";"район Кузьминки";"ПАРК КУЛЬТУРЫ И ОТДЫХА «КУЗЬМИНКИ»";"0125-77";"аттракцион зарегистрирован";"парк";"";"";
"401";"WORLD TRIP";"5c0de0a1-fd92-4685-a9f1-79e60a6645ec";"1060227942";"Юго-Восточный административный округ";"район Кузьминки";"ПАРК КУЛЬТУРЫ И ОТДЫХА «КУЗЬМИНКИ»";"0126-77";"аттракцион зарегистрирован";"парк";"";"";
"409";"ДЕТСКИЙ АВТОДРОМ";"60fe1651-c9dd-49c6-b072-fee234563e8d";"1060227950";"Северо-Западный административный округ";"район Северное Тушино";"ПАРК КУЛЬТУРЫ И ОТДЫХА «СЕВЕРНОЕ ТУШИНО»";"0134-77";"аттракцион зарегистрирован";"парк";"";"";
"410";"БОЛЬШОЙ АВТОДРОМ";"28bc4b31-c7a6-48eb-8c27-13449f331eec";"1060227951";"Северо-Западный административный округ";"район Северное Тушино";"ПАРК КУЛЬТУРЫ И ОТДЫХА «СЕВЕРНОЕ ТУШИНО»";"0135-77";"аттракцион зарегистрирован";"парк";"";"";
"414";"МИНИ ДЖЕТ";"dd777880-783e-49f3-81b9-6854907e3732";"1060227955";"Южный административный округ";"район Нагатинский Затон";"УСАДЬБА «КОЛОМЕНСКОЕ»";"0139-77";"аттракцион зарегистрирован";"парк";"";"";
"415";"ДРАКОН";"5bf0a818-7899-4ad6-a2d2-283f3b2b36ef";"1060227956";"Южный административный округ";"район Нагатинский Затон";"УСАДЬБА «КОЛОМЕНСКОЕ»";"0140-77";"аттракцион зарегистрирован";"парк";"";"";
"416";"ЛАДЬЯ";"49e1c755-6f68-4ed2-96b4-cb756508cc23";"1060227957";"Южный административный округ";"район Нагатинский Затон";"УСАДЬБА «КОЛОМЕНСКОЕ»";"0141-77";"аттракцион зарегистрирован";"парк";"";"";
"418";"ЦЕПОЧНАЯ КАРУСЕЛЬ";"fdaa6ea3-feef-4d4e-b165-76e32b980413";"1060227959";"Южный административный округ";"район Нагатинский Затон";"УСАДЬБА «КОЛОМЕНСКОЕ»";"0143-77";"аттракцион зарегистрирован";"парк";"";"";
"420";"АВТОДРОМ";"6252c45e-2ad4-40c1-8e7d-b7c2f21d2c3d";"1060227961";"Южный административный округ";"район Нагатинский Затон";"УСАДЬБА «КОЛОМЕНСКОЕ»";"0145-77";"аттракцион зарегистрирован";"парк";"";"";
"421";"КОЛЕСО ОБОЗРЕНИЯ ВЫСОТОЙ 37 МЕТРОВ";"d7330fe4-7ddf-4e45-910e-76b83d559234";"1060227962";"Восточный административный округ";"район Сокольники";"ПАРК КУЛЬТУРЫ И ОТДЫХА «СОКОЛЬНИКИ»";"0146-77";"аттракцион зарегистрирован";"парк";"";"";
"424";"ОРБИТА-420";"3a6fd046-0827-46e8-bf03-4b060e0754df";"1060227964";"Северо-Восточный административный округ";"район Лианозово";"ГАУК Г. МОСКВЫ ПАРК КУЛЬТУРЫ И ОТДЫХА «ЛИАНОЗОВСКИЙ»";"0149-77";"аттракцион зарегистрирован";"парк";"";"";
"425";"АВТОДРОМ";"a708b7a4-a0f4-4709-94d6-b1302f7cba09";"1060227965";"Северо-Восточный административный округ";"район Лианозово";"ГАУК Г. МОСКВЫ ПАРК КУЛЬТУРЫ И ОТДЫХА «ЛИАНОЗОВСКИЙ»";"0150-77";"аттракцион зарегистрирован";"парк";"";"";
"426";"СКАЗОЧНЫЙ ПОЕЗД";"6508f926-59db-43fe-bedd-2713278a9426";"1060227966";"Северо-Восточный административный округ";"район Лианозово";"ГАУК Г. МОСКВЫ ПАРК КУЛЬТУРЫ И ОТДЫХА «ЛИАНОЗОВСКИЙ»";"0151-77";"аттракцион зарегистрирован";"парк";"";"";
"427";"ПИРАТ";"bf8a9e9c-c492-40d9-8aee-097c20233b3a";"1060227967";"Северо-Восточный административный округ";"район Лианозово";"ГАУК Г. МОСКВЫ ПАРК КУЛЬТУРЫ И ОТДЫХА «ЛИАНОЗОВСКИЙ»";"0152-77";"регистрация аттракциона приостановлена";"парк";"";"";
"428";"МИНИ ДЖЕТ";"0c231739-3649-4300-9e1b-95abf5389064";"1060227968";"Северо-Восточный административный округ";"район Лианозово";"ГАУК Г. МОСКВЫ ПАРК КУЛЬТУРЫ И ОТДЫХА «ЛИАНОЗОВСКИЙ»";"0153-77";"аттракцион зарегистрирован";"парк";"";"";
"429";"РАЛЛИ";"8cd9462c-0c4c-4790-b3d6-8f1a642a7f1f";"1060227969";"Северо-Восточный административный округ";"район Лианозово";"ГАУК Г. МОСКВЫ ПАРК КУЛЬТУРЫ И ОТДЫХА «ЛИАНОЗОВСКИЙ»";"0154-77";"аттракцион зарегистрирован";"парк";"";"";
"430";"КАРУСЕЛЬ СВАДЕБНАЯ С ЛОШАДКАМИ";"7c4e7a01-bd49-4c75-9dda-a723a919de53";"1060227970";"Северо-Восточный административный округ";"район Лианозово";"ГАУК Г. МОСКВЫ ПАРК КУЛЬТУРЫ И ОТДЫХА «ЛИАНОЗОВСКИЙ»";"0155-77";"аттракцион зарегистрирован";"парк";"";"";
"431";"КОЛЕСО ОБОЗРЕНИЯ";"1eeb9ce1-3c34-4ca7-b6c9-18805a37636e";"1060227971";"Северо-Восточный административный округ";"район Лианозово";"ГАУК Г. МОСКВЫ ПАРК КУЛЬТУРЫ И ОТДЫХА «ЛИАНОЗОВСКИЙ»";"0156-77";"аттракцион зарегистрирован";"парк";"";"";
"432";"КАРУСЕЛЬ";"0cd6dddc-e50a-4d95-bdf3-9636674dc3f2";"1060227972";"Южный административный округ";"район Бирюлёво Восточное";"УСАДЬБА «ЦАРИЦЫНО»";"0157-77";"аттракцион зарегистрирован";"парк";"";"";
"433";"КОСМИЧЕСКАЯ БАШНЯ";"816e3751-3ae0-4976-9e9f-73c962fb3905";"1060227973";"Южный административный округ";"район Бирюлёво Восточное";"УСАДЬБА «ЦАРИЦЫНО»";"0158-77";"аттракцион зарегистрирован";"парк";"";"";
"434";"МИНИ - ДЖЕТ";"3be573eb-4da5-4d3b-8292-7ad883eca2d0";"1060227974";"Южный административный округ";"район Бирюлёво Восточное";"УСАДЬБА «ЦАРИЦЫНО»";"0159-77";"аттракцион зарегистрирован";"парк";"";"";
"435";"ВИРТУАЛЬНЫЙ СИМУЛЯТОР F-3";"0ac7b67c-ef4c-48a1-a8fd-a964d9c31f28";"1060227975";"Южный административный округ";"район Бирюлёво Восточное";"УСАДЬБА «ЦАРИЦЫНО»";"0160-77";"аттракцион зарегистрирован";"парк";"";"";
"436";"ВЕРТОЛЕТЫ";"494c3fb4-d28e-48e7-9e40-48fd4c35228f";"1060227976";"Северо-Восточный административный округ";"Лосиноостровский район";"ПАРК КУЛЬТУРЫ И ОТДЫХА «БАБУШКИНСКИЙ»";"0161-77";"аттракцион зарегистрирован";"парк";"";"";
"437";"КОЛЕСО ОБОЗРЕНИЯ";"cb2b4827-2035-4e8b-940e-4ada44e417b2";"1060227977";"Северо-Восточный административный округ";"Лосиноостровский район";"ПАРК КУЛЬТУРЫ И ОТДЫХА «БАБУШКИНСКИЙ»";"0162-77";"аттракцион зарегистрирован";"парк";"";"";
"438";"КАРУСЕЛЬ САМОЛЕТЫ";"749f2fa3-3ebb-4586-b71a-d8ef6d930904";"1060227978";"Северо-Восточный административный округ";"Лосиноостровский район";"ПАРК КУЛЬТУРЫ И ОТДЫХА «БАБУШКИНСКИЙ»";"0163-77";"аттракцион зарегистрирован";"парк";"";"";
"439";"ДРАКОНЫ";"5c3adbca-f41c-433c-9587-7f5eb4c23070";"1060227979";"Северо-Восточный административный округ";"Лосиноостровский район";"ПАРК КУЛЬТУРЫ И ОТДЫХА «БАБУШКИНСКИЙ»";"0164-77";"аттракцион зарегистрирован";"парк";"";"";
"440";"КОРАБЛЬ";"52c63989-4591-4ec5-8900-3605ea9ccfe1";"1060227980";"Северо-Восточный административный округ";"Лосиноостровский район";"ПАРК КУЛЬТУРЫ И ОТДЫХА «БАБУШКИНСКИЙ»";"0165-77";"аттракцион зарегистрирован";"парк";"";"";
"441";"АВТОДРОМ";"6aaf92d6-b844-4afc-9628-dc3fce388580";"1060227981";"Северо-Восточный административный округ";"Лосиноостровский район";"ПАРК КУЛЬТУРЫ И ОТДЫХА «БАБУШКИНСКИЙ»";"0166-77";"аттракцион зарегистрирован";"парк";"";"";
"447";"5D КИНОТЕАТР";"6d3b10a3-edd4-4f95-b259-7754c664226c";"1060227985";"Западный административный округ";"район Филёвский Парк";"ПАРК КУЛЬТУРЫ И ОТДЫХА «ФИЛИ»";"0172-77";"аттракцион зарегистрирован";"парк";"";"";
"453";"ПОЕЗД ДЛЯ ТУРИСТИЧЕСКИХ ПОЕЗДОК";"a2a06fe4-4b5d-4cf1-84e5-1c678b39263f";"1060262913";"Северо-Восточный административный округ";"Останкинский район";"«ВДНХ»";"0178-77";"аттракцион зарегистрирован";"парк";"";"";
"454";"ПОЕЗД ДЛЯ ТУРИСТИЧЕСКИХ ПОЕЗДОК";"5d9757e8-a92c-4c5a-a7ff-0140d512dcf8";"1060278207";"Северо-Восточный административный округ";"Останкинский район";"«ВДНХ»";"0179-77";"аттракцион зарегистрирован";"парк";"";"";
"2638";"БАТУТНЫЙ КОМПЛЕКС «САВАННА ГБ ЖИРАФ-4-3»";"9c131d6b-f49a-4abe-92df-b5a16881ba06";"2373305394";"Северный административный округ";"Дмитровский район";"ПАРК ПО АНГАРСКОЙ УЛИЦЕ";"2403-77";"аттракцион зарегистрирован";"парк";"";"";
"2339";"ЛЕТАЮЩАЯ ТАРЕЛКА";"85be3412-d6df-4797-8c3f-1bd60d4dfbf9";"2386886162";"Северо-Восточный административный округ";"район Лианозово";"ГАУК Г. МОСКВЫ ПАРК КУЛЬТУРЫ И ОТДЫХА «ЛИАНОЗОВСКИЙ»";"0213-77";"аттракцион зарегистрирован";"парк";"";"";
"2340";"МАЛАЯ ЦЕПОЧНАЯ КАРУСЕЛЬ";"56d392e9-a0cc-4c15-a067-2f328bf48563";"2386886167";"Северо-Восточный административный округ";"район Лианозово";"ГАУК Г. МОСКВЫ ПАРК КУЛЬТУРЫ И ОТДЫХА «ЛИАНОЗОВСКИЙ»";"0214-77";"аттракцион зарегистрирован";"парк";"";"";
"2341";"MINI JET-4";"84c7a334-c7bc-4f35-9c3b-1ee3f64a4246";"2386886173";"Северо-Восточный административный округ";"район Лианозово";"ГАУК Г. МОСКВЫ ПАРК КУЛЬТУРЫ И ОТДЫХА «ЛИАНОЗОВСКИЙ»";"0215-77";"аттракцион зарегистрирован";"парк";"";"";
"2342";"ПАДАЮЩАЯ ЗВЕЗДА";"c10f6880-a8ef-4595-9c62-d8eedb2a70b5";"2386886178";"Северо-Восточный административный округ";"район Лианозово";"ГАУК Г. МОСКВЫ ПАРК КУЛЬТУРЫ И ОТДЫХА «ЛИАНОЗОВСКИЙ»";"0216-77";"аттракцион зарегистрирован";"парк";"";"";
"2343";"ВЕСЕЛЫЕ ГОРКИ";"55c4cce6-b4b0-4571-a13d-09560c094573";"2386886183";"Северо-Восточный административный округ";"район Лианозово";"ГАУК Г. МОСКВЫ ПАРК КУЛЬТУРЫ И ОТДЫХА «ЛИАНОЗОВСКИЙ»";"0217-77";"аттракцион зарегистрирован";"парк";"";"";
"2344";"КАРУСЕЛЬ ВАЛЬС";"253552bc-f83e-40a8-b3ac-3c0dafd684ac";"2386886189";"Северо-Восточный административный округ";"район Лианозово";"ГАУК Г. МОСКВЫ ПАРК КУЛЬТУРЫ И ОТДЫХА «ЛИАНОЗОВСКИЙ»";"0218-77";"аттракцион зарегистрирован";"парк";"";"";
"2345";"ВИХРЬ";"43b8eded-2f4c-49f4-bbdc-de8f287fbc62";"2386886194";"Северо-Восточный административный округ";"район Лианозово";"ГАУК Г. МОСКВЫ ПАРК КУЛЬТУРЫ И ОТДЫХА «ЛИАНОЗОВСКИЙ»";"0219-77";"аттракцион зарегистрирован";"парк";"";"";
"2349";"ЦЕПОЧНАЯ КАРУСЕЛЬ";"3b6501d3-15d3-4da1-93ea-45efbab72638";"2386886197";"Центральный административный округ";"район Якиманка";"ЦЕНТРАЛЬНЫЙ ПАРК КУЛЬТУРЫ И ОТДЫХА ИМЕНИ М. ГОРЬКОГО";"0223-77";"аттракцион зарегистрирован";"парк";"";"";
"2355";"MAGIC BIKES 8";"eaf673ee-96e7-4b7c-a5e5-30f683244a8b";"2386886202";"Восточный административный округ";"район Сокольники";"ПАРК КУЛЬТУРЫ И ОТДЫХА «СОКОЛЬНИКИ»";"0230-77";"аттракцион зарегистрирован";"парк";"";"";
"2356";"КОРСАР";"9107dc7b-8bb6-4ec0-ae9f-92fcd116ccf3";"2386886205";"Восточный административный округ";"район Сокольники";"ПАРК КУЛЬТУРЫ И ОТДЫХА «СОКОЛЬНИКИ»";"0231-77";"аттракцион зарегистрирован";"парк";"";"";
"2358";"AIR RACE";"ee6ecdb3-f939-4171-911d-69e2497a960e";"2386886208";"Восточный административный округ";"район Сокольники";"ПАРК КУЛЬТУРЫ И ОТДЫХА «СОКОЛЬНИКИ»";"0232-77";"аттракцион зарегистрирован";"парк";"";"";
"2359";"JUMPING TOWER 16";"1878c72e-934f-449b-99be-fa27741afb2c";"2386886211";"Восточный административный округ";"район Сокольники";"ПАРК КУЛЬТУРЫ И ОТДЫХА «СОКОЛЬНИКИ»";"0233-77";"аттракцион зарегистрирован";"парк";"";"";
"2360";"HAPPY SWING";"bf276083-f678-4930-854e-38a2ae00b65c";"2386886213";"Восточный административный округ";"район Сокольники";"ПАРК КУЛЬТУРЫ И ОТДЫХА «СОКОЛЬНИКИ»";"0234-77";"аттракцион зарегистрирован";"парк";"";"";
"2361";"JUMP AROUND";"1ab0aac1-0d2f-4eb2-90db-c311d17b67e1";"2386886217";"Восточный административный округ";"район Сокольники";"ПАРК КУЛЬТУРЫ И ОТДЫХА «СОКОЛЬНИКИ»";"0235-77";"аттракцион зарегистрирован";"парк";"";"";
"2362";"КОРСАР";"7a116a4a-881a-4a44-9381-c7bb0b934e13";"2386886221";"Северо-Восточный административный округ";"район Лианозово";"ГАУК Г. МОСКВЫ ПАРК КУЛЬТУРЫ И ОТДЫХА «ЛИАНОЗОВСКИЙ»";"0236-77";"аттракцион зарегистрирован";"парк";"";"";
"2363";"RIO GRANDE";"ed0912b8-915b-40e2-b620-220de99871a2";"2386886226";"Восточный административный округ";"район Сокольники";"ПАРК КУЛЬТУРЫ И ОТДЫХА «СОКОЛЬНИКИ»";"0237-77";"аттракцион зарегистрирован";"парк";"";"";
"2365";"MIDI FAMILY SWINGER";"26969558-0434-47a7-b49f-c395c8d99d53";"2386886230";"Восточный административный округ";"район Сокольники";"ПАРК КУЛЬТУРЫ И ОТДЫХА «СОКОЛЬНИКИ»";"0238-77";"аттракцион зарегистрирован";"парк";"";"";
"2366";"RED BARON INTERACTIVE";"23a95f5d-2eaa-47d3-ba09-70e8d1d55e09";"2386886233";"Восточный административный округ";"район Сокольники";"ПАРК КУЛЬТУРЫ И ОТДЫХА «СОКОЛЬНИКИ»";"0239-77";"аттракцион зарегистрирован";"парк";"";"";
"2367";"MINI TYPHOON 360";"2f567d5c-13d7-44be-931c-d7397199030c";"2386886237";"Восточный административный округ";"район Сокольники";"ПАРК КУЛЬТУРЫ И ОТДЫХА «СОКОЛЬНИКИ»";"0240-77";"аттракцион зарегистрирован";"парк";"";"";
"2370";"АВТОДРОМ";"6ea42740-af0b-4e37-bed3-15dee31d4487";"2386886239";"Восточный административный округ";"район Сокольники";"ПАРК КУЛЬТУРЫ И ОТДЫХА «СОКОЛЬНИКИ»";"0244-77";"аттракцион зарегистрирован";"парк";"";"";
"2371";"JUNGLE CAROUSEL";"45dc5f96-65d9-426a-bd39-e80914ce3705";"2386886243";"Восточный административный округ";"район Сокольники";"ПАРК КУЛЬТУРЫ И ОТДЫХА «СОКОЛЬНИКИ»";"0245-77";"аттракцион зарегистрирован";"парк";"";"";
"2372";"FLYING TIGERS";"2a89781f-dcee-426c-b1b1-6b156d2a6ab9";"2386886246";"Восточный административный округ";"район Сокольники";"ПАРК КУЛЬТУРЫ И ОТДЫХА «СОКОЛЬНИКИ»";"0246-77";"аттракцион зарегистрирован";"парк";"";"";
"2396";"КОМБИНИРОВАННАЯ ЗИМНЯЯ ГОРКА";"80c3d8af-3fc8-4f75-a8f6-5c4e65a24b9d";"2386886254";"Северо-Западный административный округ";"район Строгино";"АНО ЦРФК «ТЕРРИТОРИЯ СПОРТА»";"0270-77";"аттракцион зарегистрирован";"парк";"";"";
"2400";"FAMILY SWINGER";"c7a50b65-6c5f-460c-9e90-8c5d49ded188";"2386886257";"Западный административный округ";"район Крылатское";"ПАРК «SKAZKA»";"0273-77";"аттракцион зарегистрирован";"парк";"";"";
"2401";"АВТОДРОМ";"4e99bedb-7473-4b8c-ac72-6fa01bd80159";"2386975225";"Западный административный округ";"район Крылатское";"ПАРК «SKAZKA»";"0274-77";"аттракцион зарегистрирован";"парк";"";"";
"2403";"БЕЗФУНДАМЕНТНОЕ КОЛЕСО ОБОЗРЕНИЯ ВЫСОТОЙ 35 МЕТРОВ";"5d4c3ab6-3a7d-457c-b21d-0e109ea6856b";"2386975226";"Западный административный округ";"район Крылатское";"ПАРК «SKAZKA»";"0276-77";"аттракцион зарегистрирован";"парк";"";"";
"2404";"MINI JET 6 «APACHE» ПАРКОВАЯ МОДЕЛЬ";"75e81aeb-3135-4dbe-8a46-422e013f4249";"2386975227";"Западный административный округ";"район Крылатское";"ПАРК «SKAZKA»";"0277-77";"аттракцион зарегистрирован";"парк";"";"";
"2405";"JUMPING STAR 12M";"19c49c68-181b-4f93-8b12-ff1e6e41f73f";"2386975228";"Западный административный округ";"район Крылатское";"ПАРК «SKAZKA»";"0278-77";"аттракцион зарегистрирован";"парк";"";"";
"2406";"ЛЕТАЮЩИЕ СЛОНЫ";"50d16074-9435-44cb-8409-a7b0ca9c8b73";"2386975229";"Западный административный округ";"район Крылатское";"ПАРК «SKAZKA»";"0279-77";"аттракцион зарегистрирован";"парк";"";"";
"2407";"КОМБИНИРОВАННАЯ ЗИМНЯЯ ГОРКА";"45576246-39a7-4596-ae32-ff6e0505bd80";"2386975230";"Восточный административный округ";"район Перово";"ПАРК КУЛЬТУРЫ И ОТДЫХА «ПЕРОВСКИЙ»";"0280-77";"аттракцион зарегистрирован";"парк";"";"";
"2408";"CAROUSEL DOUBLE STOREY 10MEH";"4ad84f18-64df-4b5a-befd-516ba231b998";"2386975231";"Северный административный округ";"район Коптево";"КОПТЕВСКИЙ БУЛЬВАР, Д. 18";"0289-77";"аттракцион зарегистрирован";"площадка";"";"";
"2409";"CAROUSEL DOUBLE STOREY 10MEH";"5cb83c25-3f99-4182-a4b6-36023080a2d4";"2386975232";"Центральный административный округ";"Тверской район";"ПЛОЩАДЬ РЕВОЛЮЦИИ";"0290-77";"аттракцион зарегистрирован";"площадка";"";"";
"2410";"CAROUSEL DOUBLE DECK-PARK MODEL";"4942a04f-1983-4f5e-9c61-c9545aada3a9";"2386975233";"Центральный административный округ";"Тверской район";"ТВЕРСКАЯ ПЛОЩАДЬ";"0291-77";"аттракцион зарегистрирован";"площадка";"";"";
"2413";"CAROUSEL DOUBLE STOREY 10MEH";"86de7ba5-5b57-4c46-aeb2-f54bf399a50e";"2386975235";"Зеленоградский административный округ";"район Крюково";"МОСКВА, ЗЕЛЕНОГРАД, Р-Н КРЮКОВО, БУЛЬВАРНАЯ ЗОНА, 16 МКРН";"0299-77";"аттракцион зарегистрирован";"площадка";"";"";
"2434";"АТТРАКЦИОН СЕРИИ 10MEH ФУТУРИСТИЧЕСКАЯ";"dd6939d5-08c7-4603-b4b7-ace0d9e24c1a";"2386975236";"Восточный административный округ";"район Вешняки";"ВЕШНЯКОВСКАЯ УЛ, Д.16";"2208-77";"аттракцион зарегистрирован";"площадка";"";"";
"2441";"MINI JET 6";"baa0b39b-959e-4afb-8570-f32915291214";"2386975237";"Юго-Западный административный округ";"Обручевский район";"ГАУК Г.МОСКВЫ УСАДЬБА ВОРОНЦОВО";"2215-77";"аттракцион зарегистрирован";"парк";"";"";
"2442";"KIDDIE WHEEL";"922e325e-fdf5-40b0-a6fa-c33c47391e71";"2386975238";"Юго-Западный административный округ";"Обручевский район";"ГАУК Г.МОСКВЫ УСАДЬБА ВОРОНЦОВО";"2216-77";"аттракцион зарегистрирован";"парк";"";"";
"2443";"CIRCUS SWING";"ae488acc-474b-46c3-bcf8-7daa27547633";"2387014066";"Юго-Западный административный округ";"Обручевский район";"ГАУК Г.МОСКВЫ УСАДЬБА ВОРОНЦОВО";"2217-77";"аттракцион зарегистрирован";"парк";"";"";
"2444";"АВТОДРОМ";"10e43572-d4a9-478e-b8a7-94dd0f7b8d00";"2387014069";"Юго-Западный административный округ";"Обручевский район";"ГАУК Г.МОСКВЫ УСАДЬБА ВОРОНЦОВО";"2218-77";"аттракцион зарегистрирован";"парк";"";"";
"2445";"ДЕРЕВЕНСКИЙ ПОЕЗД";"8eb0f9bb-0d34-41e4-bc0d-b302f10a9428";"2387014074";"Юго-Западный административный округ";"Обручевский район";"ГАУК Г.МОСКВЫ УСАДЬБА ВОРОНЦОВО";"2219-77";"аттракцион зарегистрирован";"парк";"";"";
"2447";"CHOCO CUPS";"e2403e73-c4f0-4ac3-a9a6-4639fbb704f2";"2387014082";"Юго-Западный административный округ";"Обручевский район";"ГАУК Г.МОСКВЫ УСАДЬБА ВОРОНЦОВО";"2221-77";"аттракцион зарегистрирован";"парк";"";"";
"2448";"КАЧЕЛИ СОБАЧКА";"906d60d7-2cee-446c-863a-1410313fc5a6";"2387014086";"Юго-Западный административный округ";"Обручевский район";"ГАУК Г.МОСКВЫ УСАДЬБА ВОРОНЦОВО";"2222-77";"аттракцион зарегистрирован";"парк";"";"";
"2449";"CONVOY";"b31f51e8-5e7c-4982-ab3a-7fe8532ef9b9";"2387014090";"Юго-Западный административный округ";"Обручевский район";"ГАУК Г.МОСКВЫ УСАДЬБА ВОРОНЦОВО";"2223-77";"аттракцион зарегистрирован";"парк";"";"";
"2450";"SKY TOWER 38";"e807c2b7-a7be-4b9a-ac81-d77a0c93c88a";"2387014094";"Западный административный округ";"район Крылатское";"ПАРК «SKAZKA»";"2224-77";"аттракцион зарегистрирован";"парк";"";"";
"2451";"AIR RACE 6.2";"fbd5ab91-32ac-4f5e-a4ae-dfc6af77f10a";"2387014096";"Западный административный округ";"район Крылатское";"ПАРК «SKAZKA»";"2225-77";"аттракцион зарегистрирован";"парк";"";"";
"2452";"FLYING BIKES";"f7c6f341-dada-462a-bbc9-91a5d0312547";"2387014099";"Западный административный округ";"район Крылатское";"ПАРК «SKAZKA»";"2226-77";"аттракцион зарегистрирован";"парк";"";"";
"2453";"ЦЕПОЧНАЯ КАРУСЕЛЬ С ПОДЪЕМОМ";"568e19bf-deef-4ee5-946e-39386de44cf4";"2387014102";"Западный административный округ";"район Крылатское";"ПАРК «SKAZKA»";"2227-77";"аттракцион зарегистрирован";"парк";"";"";
"2454";"TOUR DE PARIS";"40b72532-71d3-4521-a91f-204be60ae4a8";"2387014106";"Западный административный округ";"район Крылатское";"ПАРК «SKAZKA»";"2228-77";"аттракцион зарегистрирован";"парк";"";"";
"2455";"КАТАЛЬНАЯ ГОРА МОЛНИЯ";"e879be13-c97d-46fa-b5e3-fff2c0714f1d";"2387014108";"Западный административный округ";"район Крылатское";"ПАРК «SKAZKA»";"2229-77";"аттракцион зарегистрирован";"парк";"";"";
"2456";"ГИГАНТСКИЕ КАЧЕЛИ «360»";"26bf3a70-adbb-450d-aaa0-0e59e4087fa9";"2387014110";"Западный административный округ";"район Крылатское";"ПАРК «SKAZKA»";"2230-77";"аттракцион зарегистрирован";"парк";"";"";
"2457";"МИНИ БОТИК";"539a23b0-957c-4164-93a7-bfba6f2ae226";"2387014114";"Восточный административный округ";"район Сокольники";"ПАРК КУЛЬТУРЫ И ОТДЫХА «СОКОЛЬНИКИ»";"2231-77";"аттракцион зарегистрирован";"парк";"";"";
"2460";"PIRATЕ JET 5";"1098d296-262d-47a7-bc6f-4c22f6349a22";"2387014116";"Центральный административный округ";"Пресненский район";"МОСКОВСКИЙ ЗООПАРК";"2234-77";"аттракцион зарегистрирован";"парк";"";"";
"2461";"CIRCUS TRAIN";"81e5f1ac-8800-4a00-a47c-312891388105";"2387014120";"Центральный административный округ";"Пресненский район";"МОСКОВСКИЙ ЗООПАРК";"2235-77";"аттракцион зарегистрирован";"парк";"";"";
"2462";"CIRCUS SWING";"71fdc22d-4071-43ee-8b09-d3623ada2c43";"2387014124";"Центральный административный округ";"Пресненский район";"МОСКОВСКИЙ ЗООПАРК";"2236-77";"аттракцион зарегистрирован";"парк";"";"";
"2463";"ББ.3001";"7ee2df6c-1d89-47a3-a770-60a2668391a8";"2387014127";"Центральный административный округ";"Пресненский район";"МОСКОВСКИЙ ЗООПАРК";"2237-77";"аттракцион зарегистрирован";"парк";"";"";
"2465";"ЛЕТАЮЩАЯ МАШИНА ДВЕ ВОЛНЫ";"8d4bc739-f7d3-46c8-8c80-5c83ed5106d3";"2387014130";"Северо-Восточный административный округ";"Лосиноостровский район";"ПАРК КУЛЬТУРЫ И ОТДЫХА «БАБУШКИНСКИЙ»";"2239-77";"аттракцион зарегистрирован";"парк";"";"";
"2466";"WORLD TRIP";"1b505874-6e71-4b85-b05f-079c500ee618";"2387014132";"Западный административный округ";"район Крылатское";"ПАРК «SKAZKA»";"2240-77";"аттракцион зарегистрирован";"парк";"";"";
"2468";"BOUNCE SPIN";"3e03b894-eebc-4b6a-9ea0-6dac9813f6f9";"2387014140";"Западный административный округ";"район Крылатское";"ПАРК «SKAZKA»";"2242-77";"аттракцион зарегистрирован";"парк";"";"";
"2469";"КАЧЕЛИ ЕРМАК";"12f58a99-3c1e-4816-803a-9cb7fdcd8ad7";"2387014142";"Юго-Западный административный округ";"Обручевский район";"ГАУК Г.МОСКВЫ УСАДЬБА ВОРОНЦОВО";"2243-77";"аттракцион зарегистрирован";"парк";"";"";
"2471";"АВТОДРОМ";"cb056b65-6eee-4bfe-b16c-06424c2d11f7";"2387014145";"Центральный административный округ";"район Якиманка";"ЦЕНТРАЛЬНЫЙ ПАРК КУЛЬТУРЫ И ОТДЫХА ИМЕНИ М. ГОРЬКОГО";"2245-77";"аттракцион зарегистрирован";"парк";"";"";
"2472";"ВАЛЬС";"86db898b-bb6d-4f9e-8e19-187a8fae60a1";"2387114881";"Центральный административный округ";"район Якиманка";"ЦЕНТРАЛЬНЫЙ ПАРК КУЛЬТУРЫ И ОТДЫХА ИМЕНИ М. ГОРЬКОГО";"2246-77";"аттракцион зарегистрирован";"парк";"";"";
"2473";"MERRY GO ROUND";"7f79fdf1-198e-4db1-ba26-fa9b505bd22c";"2387114882";"Западный административный округ";"район Крылатское";"ПАРК «SKAZKA»";"2248-77";"аттракцион зарегистрирован";"парк";"";"";
"2474";"DROP AND TWIST TOWER";"24414eb2-e59c-4c5b-b164-ddbb9334a63f";"2387114883";"Западный административный округ";"район Крылатское";"ПАРК «SKAZKA»";"2249-77";"аттракцион зарегистрирован";"парк";"";"";
"2482";"ЭНТЕРПРАЙЗ";"b3724c38-f14e-475c-b9f3-25bf859f5877";"2387114888";"Западный административный округ";"район Крылатское";"ПАРК «SKAZKA»";"2253-77";"аттракцион зарегистрирован";"парк";"";"";
"2483";"НАДУВНОЙ БАТУТ С ГОРКОЙ";"77e3df87-d5c7-431b-a6e2-1b02367d2489";"2387114889";"Северный административный округ";"район Левобережный";"ПКИО ПАРК ДРУЖБЫ";"2254-77";"аттракцион зарегистрирован";"парк";"";"";
"2484";"КОСМИЧЕСКАЯ БАШНЯ";"eac99b02-d751-4883-9b9e-4e94dbd7faff";"2387114890";"Северный административный округ";"район Левобережный";"ПКИО ПАРК ДРУЖБЫ";"2255-77";"аттракцион зарегистрирован";"парк";"";"";
"2485";"ВИРТУАЛЬНЫЙ СИМУЛЯТОР F-3";"574723d8-8ed9-4f77-8345-6efb547f4cbb";"2387114891";"Северный административный округ";"район Левобережный";"ПКИО ПАРК ДРУЖБЫ";"2256-77";"аттракцион зарегистрирован";"парк";"";"";
"2486";"MERRY GO ROUND";"05279330-8224-4b89-924b-6f86548f9325";"2387114892";"Центральный административный округ";"Пресненский район";"МОСКОВСКИЙ ЗООПАРК";"2257-77";"аттракцион зарегистрирован";"парк";"";"";
"2488";"ЦАРЬ ГОРЫ";"3c639847-3ff8-4056-bf0f-09342f24a29b";"2387114893";"Северо-Восточный административный округ";"Лосиноостровский район";"ПАРК КУЛЬТУРЫ И ОТДЫХА «БАБУШКИНСКИЙ»";"2259-77";"аттракцион зарегистрирован";"парк";"";"";
"2489";"КИТ";"a94ab8e9-d5c2-47a0-b476-9ba559a26652";"2387114894";"Северо-Восточный административный округ";"Лосиноостровский район";"ПАРК КУЛЬТУРЫ И ОТДЫХА «БАБУШКИНСКИЙ»";"2260-77";"аттракцион зарегистрирован";"парк";"";"";
"2490";"ПОДВОДНЫЙ МИР 2";"03bfa159-a26a-45b2-ae18-ef6aab97866c";"2387114895";"Северо-Восточный административный округ";"Лосиноостровский район";"ПАРК КУЛЬТУРЫ И ОТДЫХА «БАБУШКИНСКИЙ»";"2261-77";"аттракцион зарегистрирован";"парк";"";"";
"2491";"ВУЛКАН";"0c70cd68-7b39-440d-8e36-9e9e19983f18";"2387114896";"Северо-Восточный административный округ";"Лосиноостровский район";"ПАРК КУЛЬТУРЫ И ОТДЫХА «БАБУШКИНСКИЙ»";"2262-77";"аттракцион зарегистрирован";"парк";"";"";
"2492";"ОСТРОВ СОКРОВИЩ";"8e757596-88c6-4836-a8cc-f17e7a6b51fc";"2387114897";"Северо-Восточный административный округ";"Лосиноостровский район";"ПАРК КУЛЬТУРЫ И ОТДЫХА «БАБУШКИНСКИЙ»";"2263-77";"аттракцион зарегистрирован";"парк";"";"";
"2505";"МГ.4002";"d4703aa9-9228-4768-b9c0-44b96154f65d";"2387114898";"Юго-Западный административный округ";"Обручевский район";"ГАУК Г.МОСКВЫ УСАДЬБА ВОРОНЦОВО";"2276-77";"аттракцион зарегистрирован";"парк";"";"";
"2506";"КОЛОБОК";"d0314c55-baf6-4644-8a21-afe418c3254e";"2387114899";"Восточный административный округ";"район Сокольники";"ПАРК КУЛЬТУРЫ И ОТДЫХА «СОКОЛЬНИКИ»";"2277-77";"аттракцион зарегистрирован";"парк";"";"";
"2507";"КАТАЛЬНАЯ ГОРА ЗМЕЙ ГОРЫНЫЧ";"49f96e7f-9517-4680-a3b5-cb1a97585789";"2387114900";"Западный административный округ";"район Крылатское";"ПАРК «SKAZKA»";"2278-77";"аттракцион зарегистрирован";"парк";"";"";
"2509";"НАДУВНОЙ БАТУТ ГОРКА (ПОДАРОК)";"5cc7e9a3-78f0-4b45-83f1-03c49e1a5fb6";"2387114902";"Северный административный округ";"район Левобережный";"ПКИО ПАРК ДРУЖБЫ";"2280-77";"аттракцион зарегистрирован";"парк";"";"";
"2510";"БОЛЬШОЙ АВТОДРОМ";"a821fc25-4472-4bb7-afcf-6f28d3ee01bf";"2387114903";"Северный административный округ";"район Левобережный";"ПКИО ПАРК ДРУЖБЫ";"2281-77";"аттракцион зарегистрирован";"парк";"";"";
"2522";"КОСМИК";"cce8b412-d388-4d17-948e-bbf004ca2128";"2387146925";"Юго-Восточный административный округ";"район Кузьминки";"ПАРК КУЛЬТУРЫ И ОТДЫХА «КУЗЬМИНКИ»";"2293-77";"аттракцион зарегистрирован";"парк";"";"";
"2523";"ТРЕК";"d86ca2cc-bb22-45b9-9c65-40b108c6ce3e";"2387146926";"Юго-Восточный административный округ";"район Кузьминки";"ПАРК КУЛЬТУРЫ И ОТДЫХА «КУЗЬМИНКИ»";"2294-77";"аттракцион зарегистрирован";"парк";"";"";
"2524";"KIDDY WHEEL 5";"130479e2-9dbd-4aef-a498-0478edfbfdb3";"2387146927";"Восточный административный округ";"район Измайлово";"ПАРК КУЛЬТУРЫ И ОТДЫХА «ИЗМАЙЛОВСКИЙ»";"2295-77";"аттракцион зарегистрирован";"парк";"";"";
"2525";"MINI CONVOY RACE";"7157b687-c382-46b1-bca5-c76d7f25b392";"2387146928";"Восточный административный округ";"район Измайлово";"ПАРК КУЛЬТУРЫ И ОТДЫХА «ИЗМАЙЛОВСКИЙ»";"2296-77";"аттракцион зарегистрирован";"парк";"";"";
"2526";"MERRY GO ROUND";"974c6ff1-776f-4db1-90c6-a2bc01b5a0ff";"2387146929";"Восточный административный округ";"район Измайлово";"ПАРК КУЛЬТУРЫ И ОТДЫХА «ИЗМАЙЛОВСКИЙ»";"2297-77";"аттракцион зарегистрирован";"парк";"";"";
"2527";"TOY SWING";"e2952ac5-c33c-4652-8a51-45c1902281f7";"2387146930";"Восточный административный округ";"район Измайлово";"ПАРК КУЛЬТУРЫ И ОТДЫХА «ИЗМАЙЛОВСКИЙ»";"2298-77";"аттракцион зарегистрирован";"парк";"";"";
"2528";"CHOCO CUPS";"590c2db2-ecc2-4ee8-a41c-dc9ae8815ea3";"2387146931";"Восточный административный округ";"район Измайлово";"ПАРК КУЛЬТУРЫ И ОТДЫХА «ИЗМАЙЛОВСКИЙ»";"2299-77";"аттракцион зарегистрирован";"парк";"";"";
"2529";"DOUBLE COASTER";"93b528ec-1112-4699-be78-1ef34cd7f295";"2387146932";"Восточный административный округ";"район Измайлово";"ПАРК КУЛЬТУРЫ И ОТДЫХА «ИЗМАЙЛОВСКИЙ»";"2300-77";"аттракцион зарегистрирован";"парк";"";"";
"2530";"HAPPY KANGAROO";"36617cbc-3eef-4278-b4ae-048a2f23b808";"2387146933";"Восточный административный округ";"район Измайлово";"ПАРК КУЛЬТУРЫ И ОТДЫХА «ИЗМАЙЛОВСКИЙ»";"2301-77";"аттракцион зарегистрирован";"парк";"";"";
"2531";"RED BARON";"88f02e1c-1554-46f6-98f3-8abc499ee1ee";"2387146934";"Восточный административный округ";"район Измайлово";"ПАРК КУЛЬТУРЫ И ОТДЫХА «ИЗМАЙЛОВСКИЙ»";"2302-77";"аттракцион зарегистрирован";"парк";"";"";
"2532";"HILLBILLY TRAIN";"9ca44c19-765b-4752-b487-6e2b3add702e";"2387146935";"Восточный административный округ";"район Измайлово";"ПАРК КУЛЬТУРЫ И ОТДЫХА «ИЗМАЙЛОВСКИЙ»";"2303-77";"аттракцион зарегистрирован";"парк";"";"";
"2533";"ГАЛЕОН";"7f517fbf-9fbd-4ac4-98f7-c91c4426a404";"2387146938";"Южный административный округ";"район Нагатинский Затон";"УСАДЬБА «КОЛОМЕНСКОЕ»";"2304-77";"аттракцион зарегистрирован";"парк";"";"";
"2534";"БАТУТ «ВОЛШЕБНЫЙ ОКЕАН»";"8b99721a-67dc-4f3d-9e0e-76e697c4f5ed";"2387146940";"Северо-Западный административный округ";"район Северное Тушино";"ПАРК КУЛЬТУРЫ И ОТДЫХА «СЕВЕРНОЕ ТУШИНО»";"2305-77";"аттракцион зарегистрирован";"парк";"";"";
"2535";"КРУГОВОР ОБЗОР М";"5fdedd4a-8fa8-4e73-9e8a-b90f62968f48";"2387146941";"Восточный административный округ";"район Измайлово";"ПАРК КУЛЬТУРЫ И ОТДЫХА «ИЗМАЙЛОВСКИЙ»";"2306-77";"аттракцион зарегистрирован";"парк";"";"";
"2536";"ВИНИ-ПУХ";"3ed4f38d-ae22-4d39-a019-871afc5a3a3a";"2387146942";"Юго-Восточный административный округ";"район Выхино-Жулебино";"ПАРК КУЛЬТУРЫ И ОТДЫХА «КУЗЬМИНКИ»";"2307-77";"аттракцион зарегистрирован";"парк";"";"";
"2538";"РАКУШКИ";"bb33691e-bd00-4df8-8595-71e2ca5fe08a";"2387180238";"Восточный административный округ";"район Сокольники";"ПАРК КУЛЬТУРЫ И ОТДЫХА «СОКОЛЬНИКИ»";"2310-77";"аттракцион зарегистрирован";"парк";"";"";
"2539";"CAROUSEL DOUBLE STOREY 10MEH";"44503437-9432-463a-bf66-fc84a913de1e";"2387180239";"Северо-Восточный административный округ";"район Отрадное";"Г. МОСКВА, УЛ. ХАЧАТУРЯНА, Д.13";"2309-77";"аттракцион зарегистрирован";"площадка";"";"";
"2540";"MERRY GO ROUND";"a79aed7d-0958-4473-84a3-00e2ef98372a";"2387180240";"Восточный административный округ";"район Измайлово";"ПАРК КУЛЬТУРЫ И ОТДЫХА «ИЗМАЙЛОВСКИЙ»";"2311-77";"аттракцион зарегистрирован";"парк";"";"";
"2541";"MINI DANC PARTY";"a52cfa4f-4cc1-448c-b23c-cd008befd9a5";"2387180241";"Восточный административный округ";"район Измайлово";"ПАРК КУЛЬТУРЫ И ОТДЫХА «ИЗМАЙЛОВСКИЙ»";"2312-77";"аттракцион зарегистрирован";"парк";"";"";
"2542";"HAPPY SWING";"156654c4-7a70-48ff-9119-836cb636ba9e";"2387180242";"Восточный административный округ";"район Измайлово";"ПАРК КУЛЬТУРЫ И ОТДЫХА «ИЗМАЙЛОВСКИЙ»";"2313-77";"аттракцион зарегистрирован";"парк";"";"";
"2543";"RIDE ELEPHANT";"13643c2e-c793-472e-b52a-bcc18febc02d";"2387180243";"Восточный административный округ";"район Измайлово";"ПАРК КУЛЬТУРЫ И ОТДЫХА «ИЗМАЙЛОВСКИЙ»";"2314-77";"аттракцион зарегистрирован";"парк";"";"";
"2544";"BUMPER CARS";"fc2f1070-9f4e-4f06-8abb-1bf3be97f4f5";"2387180244";"Восточный административный округ";"район Измайлово";"ПАРК КУЛЬТУРЫ И ОТДЫХА «ИЗМАЙЛОВСКИЙ»";"2315-77";"аттракцион зарегистрирован";"парк";"";"";
"2546";"JUMP AROUND";"a2925d0a-0f41-4c50-aa5f-750fb59c041c";"2387180245";"Восточный административный округ";"район Измайлово";"ПАРК КУЛЬТУРЫ И ОТДЫХА «ИЗМАЙЛОВСКИЙ»";"2316-77";"аттракцион зарегистрирован";"парк";"";"";
"2547";"FAMILY SWINGER";"ac089e30-b958-48da-8791-8a60a1586493";"2387180246";"Восточный административный округ";"район Измайлово";"ПАРК КУЛЬТУРЫ И ОТДЫХА «ИЗМАЙЛОВСКИЙ»";"2317-77";"аттракцион зарегистрирован";"парк";"";"";
"2548";"ВЕРТОЛЕТЫ";"d37132b1-7b99-4b4a-afae-c582954742ba";"2387180247";"Северо-Восточный административный округ";"район Бибирево";"ЭТНОГРАФИЧЕСКАЯ ДЕРЕВНЯ БИБИРЕВО";"2318-77";"аттракцион зарегистрирован";"парк";"";"";
"2550";"SPEEDY COASTER";"9289fc90-10d5-41aa-b885-726d6f0eafe0";"2387180248";"Восточный административный округ";"район Измайлово";"ПАРК КУЛЬТУРЫ И ОТДЫХА «ИЗМАЙЛОВСКИЙ»";"2320-77";"аттракцион зарегистрирован";"парк";"";"";
"2551";"KIDDIE SWING";"c6d15a5b-b39a-48d5-b5d0-86979ea98c7d";"2387180249";"Восточный административный округ";"район Измайлово";"ПАРК КУЛЬТУРЫ И ОТДЫХА «ИЗМАЙЛОВСКИЙ»";"2321-77";"аттракцион зарегистрирован";"парк";"";"";
"2552";"НАДУВНОЙ БАТУТ С ГОРКОЙ ВЕСЁЛЫЕ ЗВЕРЯТА";"e784bcb6-b6b2-4e23-8570-1754cbb9bbf4";"2387180250";"Восточный административный округ";"район Сокольники";"ПАРК КУЛЬТУРЫ И ОТДЫХА «СОКОЛЬНИКИ»";"2322-77";"аттракцион зарегистрирован";"парк";"";"";
"2553";"РАКУШКИ";"6d327bde-465e-440d-9fac-74d6c2683cd6";"2387180251";"Восточный административный округ";"район Измайлово";"ПАРК КУЛЬТУРЫ И ОТДЫХА «ИЗМАЙЛОВСКИЙ»";"2323-77";"аттракцион зарегистрирован";"парк";"";"";
"2555";"WONDER FLIGHT";"6f685669-8eef-4529-a500-3c2305098b89";"2387180252";"Восточный административный округ";"район Измайлово";"ПАРК КУЛЬТУРЫ И ОТДЫХА «ИЗМАЙЛОВСКИЙ»";"2325-77";"аттракцион зарегистрирован";"парк";"";"";
"2556";"МИНИ-ВАЛЬС";"c174eb15-9867-4626-9d56-e19d3acf3647";"2387180253";"Северо-Восточный административный округ";"Лосиноостровский район";"ПАРК КУЛЬТУРЫ И ОТДЫХА «БАБУШКИНСКИЙ»";"2326-77";"аттракцион зарегистрирован";"парк";"";"";
"2557";"КОЛОБОК";"aa11e7c9-a879-46c1-b213-ad9e9d90a109";"2387180254";"Западный административный округ";"район Крылатское";"ПАРК «SKAZKA»";"2327-77";"аттракцион зарегистрирован";"парк";"";"";
"2569";"«АТТРАКЦИОН «МИКС»";"30ea0d4c-db24-4dd6-9ebf-3528c0057915";"2387180256";"Западный административный округ";"район Крылатское";"ПАРК «SKAZKA»";"2335-77";"аттракцион зарегистрирован";"парк";"";"";
"2575";"АВТОДРОМ";"7ccdb415-72d8-4124-97f6-8878a1d85ac9";"2387180259";"Восточный административный округ";"район Перово";"ПАРК КУЛЬТУРЫ И ОТДЫХА «ПЕРОВСКИЙ»";"2341-77";"аттракцион зарегистрирован";"парк";"";"";
"2576";"КОРАБЛЬ НА ВОЛНАХ";"fd8e960b-9dc9-44f7-838a-833358473e83";"2387180260";"Восточный административный округ";"район Перово";"ПАРК КУЛЬТУРЫ И ОТДЫХА «ПЕРОВСКИЙ»";"2342-77";"аттракцион зарегистрирован";"парк";"";"";
"2577";"МИНИ-ДЖЕТ КАСКАД";"1545d3f5-bdde-48fc-b148-6551a03c196f";"2387180261";"Восточный административный округ";"район Перово";"ПАРК КУЛЬТУРЫ И ОТДЫХА «ПЕРОВСКИЙ»";"2343-77";"аттракцион зарегистрирован";"парк";"";"";
"2578";"КОМБИНИРОВАННАЯ ЗИМНЯЯ ГОРКА";"e262e835-141e-453a-95bb-909e155b3581";"2387180262";"Северо-Восточный административный округ";"Останкинский район";"ПАРК ОСТАНКИНО";"2344-77";"аттракцион зарегистрирован";"парк";"";"";
"2579";"КОМБИНИРОВАННАЯ ЗИМНЯЯ ГОРКА";"ef0e4b5d-28ef-4eb0-8520-3160530410ce";"2387180263";"Северо-Восточный административный округ";"район Южное Медведково";"ПАРК ЯУЗА";"2345-77";"аттракцион зарегистрирован";"парк";"";"";
"2580";"КОМБИНИРОВАННАЯ ЗИМНЯЯ ГОРКА";"1671dd64-8d3e-4fb0-b4d7-1d6074aa7e00";"2387217525";"Северо-Восточный административный округ";"район Ростокино";"ПАРК САД БУДУЩЕГО";"2346-77";"аттракцион зарегистрирован";"парк";"";"";
"2520";"CAROUSEL DOUBLE STOREY 10MEH";"0f21450e-c627-4863-96b0-c6714cf4f0f2";"2387217526";"Юго-Западный административный округ";"район Южное Бутово";"Г. МОСКВА, УЛ. АДМИРАЛА РУДНЕВА, Д.8";"2291-77";"аттракцион зарегистрирован";"площадка";"";"";
"2584";"CAROUSEL DOUBLE STOREY 10MEH";"5530dd97-c84b-4d61-b315-7940754f3af4";"2387217528";"Юго-Восточный административный округ";"район Некрасовка";"ФЕСТИВАЛЬНАЯ ПЛОЩАДКА У МЕТРО НЕКРАСОВКА";"2350-77";"аттракцион зарегистрирован";"площадка";"";"";
"2588";"CONVOY";"d2e07c5e-3430-4854-b201-93e6c48e9d90";"2387217530";"Восточный административный округ";"район Измайлово";"ПАРК КУЛЬТУРЫ И ОТДЫХА «ИЗМАЙЛОВСКИЙ»";"2365-77";"аттракцион зарегистрирован";"парк";"";"";
"2589";"DISCO ПАРКОВАЯ МОДЕЛЬ";"18bfcf21-3a61-4ab0-943d-b359802e8e7c";"2387217531";"Восточный административный округ";"район Измайлово";"ПАРК КУЛЬТУРЫ И ОТДЫХА «ИЗМАЙЛОВСКИЙ»";"2366-77";"аттракцион зарегистрирован";"парк";"";"";
"2604";"BRAKE DANCE";"74957cdc-b880-4e8b-8437-4731abf6c29e";"2387217532";"Юго-Восточный административный округ";"район Кузьминки";"ПАРК КУЛЬТУРЫ И ОТДЫХА «КУЗЬМИНКИ»";"2370-77";"аттракцион зарегистрирован";"парк";"";"";
"2606";"КАТАЛЬНАЯ ГОРА ТОРНАДО";"9f06aac4-671b-457e-8cd4-0e7aecdfbb9c";"2387217534";"Юго-Восточный административный округ";"район Кузьминки";"ПАРК КУЛЬТУРЫ И ОТДЫХА «КУЗЬМИНКИ»";"2372-77";"аттракцион зарегистрирован";"парк";"";"";
"2402";"ВАЛЬС";"0733e5e2-1b7c-40d4-a219-2dbe5c69e793";"2387217535";"Западный административный округ";"район Крылатское";"ПАРК «SKAZKA»";"0275-77";"аттракцион зарегистрирован";"парк";"";"";
"2608";"ГУСЕНИЦА";"d2f9fff1-a878-415e-8a0f-70904f59b460";"2387217537";"Центральный административный округ";"район Якиманка";"ЦЕНТРАЛЬНЫЙ ПАРК КУЛЬТУРЫ И ОТДЫХА ИМЕНИ М. ГОРЬКОГО";"2374-77";"аттракцион зарегистрирован";"парк";"";"";
"2610";"БАТУТ НАДУВНОЙ БС-180";"45189ee8-9c6f-4fa1-ba71-e92c5df048c0";"2387217538";"Западный административный округ";"район Крылатское";"ПАРК «SKAZKA»";"2375-77";"аттракцион зарегистрирован";"парк";"";"";
"2499";"БАТУТ НАДУВНОЙ ТРИДЕВЯТОЕ ЦАРСТВО";"00f47538-6758-43f3-bbe6-943ff540bb9a";"2387217539";"Западный административный округ";"район Крылатское";"ПАРК «SKAZKA»";"2270-77";"аттракцион зарегистрирован";"парк";"";"";
"2498";"ГОРКА НАДУВНАЯ ЗМЕЙ ГОРЫНЫЧ";"523a133d-33a8-4c8f-8531-f5a0057fb4bd";"2387217540";"Западный административный округ";"район Крылатское";"ПАРК «SKAZKA»";"2269-77";"аттракцион зарегистрирован";"парк";"";"";
"2622";"ВИРТУАЛЬНЫЙ СИМУЛЯТОР F-3";"38722986-9d49-4e28-96ed-9732b3fd1738";"2387217542";"Юго-Восточный административный округ";"район Кузьминки";"ПАРК КУЛЬТУРЫ И ОТДЫХА «КУЗЬМИНКИ»";"2387-77";"аттракцион зарегистрирован";"парк";"";"";
"2470";"SALTOMATTO";"22ce0fdf-fbb5-4176-a87e-c8647f1a1e6b";"2387217543";"Юго-Западный административный округ";"Обручевский район";"ГАУК Г.МОСКВЫ УСАДЬБА ВОРОНЦОВО";"2244-77";"аттракцион зарегистрирован";"парк";"";"";
"2626";"DISCOVERY 16 REVOLUTION";"f573d6e0-999d-4761-89b0-d32f997bc578";"2387217545";"Западный административный округ";"район Крылатское";"ПАРК «SKAZKA»";"2391-77";"аттракцион зарегистрирован";"парк";"";"";
"2627";"МИНИ-ДЖЕТ";"66403d8e-7544-4bd1-82ce-1639887338af";"2387217546";"Северо-Западный административный округ";"район Митино";"ЛАНДШАФТНЫЙ ПАРК МИТИНО";"2392-77";"аттракцион зарегистрирован";"парк";"";"";
"2628";"МИНИ-ДЖЕТ 5В";"4cb46769-6338-432c-9070-b3b35e1600bb";"2387217547";"Северо-Западный административный округ";"район Митино";"ЛАНДШАФТНЫЙ ПАРК МИТИНО";"2393-77";"аттракцион зарегистрирован";"парк";"";"";
"2629";"СПОРТКОМПЛЕКС БЕЗ ТЕНТА";"3f252164-3945-433f-bee5-4ccdf4897d4d";"2387217548";"Северо-Западный административный округ";"район Митино";"ЛАНДШАФТНЫЙ ПАРК МИТИНО";"2394-77";"аттракцион зарегистрирован";"парк";"";"";
"2630";"ЗООАРЕНА";"747260fa-abe4-4ceb-8e1b-b8f0391de31b";"2387259961";"Северо-Западный административный округ";"район Митино";"ЛАНДШАФТНЫЙ ПАРК МИТИНО";"2395-77";"аттракцион зарегистрирован";"парк";"";"";
"2631";"МАДАГАСКАР";"501d7b39-3067-44c7-a76c-d391f81e903c";"2387259962";"Северо-Западный административный округ";"район Митино";"ЛАНДШАФТНЫЙ ПАРК МИТИНО";"2396-77";"аттракцион зарегистрирован";"парк";"";"";
"2632";"СЛАСТЕНА";"f48df984-e7de-412b-8b54-b5c8f82bfd61";"2387259963";"Северо-Западный административный округ";"район Митино";"ЛАНДШАФТНЫЙ ПАРК МИТИНО";"2397-77";"аттракцион зарегистрирован";"парк";"";"";
"2633";"CAROUSEL DOUBLE STOREY 10MEH";"c76d9e7f-5bb1-428c-a297-b5e7d8ae0764";"2387259964";"Северо-Восточный административный округ";"район Южное Медведково";"ФЕСТИВАЛЬНАЯ ПЛОЩАДКА";"2398-77";"аттракцион зарегистрирован";"площадка";"";"";
"2634";"НАДУВНОЙ БАТУТ «ЧУДИКИ»";"def683e1-759c-4a0b-bf65-5655575c391a";"2387259965";"Восточный административный округ";"район Сокольники";"ПАРК КУЛЬТУРЫ И ОТДЫХА «СОКОЛЬНИКИ»";"2399-77";"аттракцион зарегистрирован";"парк";"";"";
"2635";"НАДУВНОЙ БАТУТ «ЧУДО КОНСТРУКТОР»";"82de01b4-8c0e-466d-86bc-283fbab6f259";"2387259966";"Восточный административный округ";"район Сокольники";"ПАРК КУЛЬТУРЫ И ОТДЫХА «СОКОЛЬНИКИ»";"2400-77";"аттракцион зарегистрирован";"парк";"";"";
"2513";"ГОРКА С ТРАМПЛИНОМ";"1229e25f-54e0-4ae7-962a-1e1256ae6e79";"2387259967";"Северо-Восточный административный округ";"район Лианозово";"ГАУК Г. МОСКВЫ ПАРК КУЛЬТУРЫ И ОТДЫХА «ЛИАНОЗОВСКИЙ»";"2284-77";"аттракцион зарегистрирован";"парк";"";"";
"2515";"ЗООАРЕНА";"3fbb1515-f623-49db-8c25-f6824492301f";"2387259968";"Северо-Восточный административный округ";"район Лианозово";"ГАУК Г. МОСКВЫ ПАРК КУЛЬТУРЫ И ОТДЫХА «ЛИАНОЗОВСКИЙ»";"2286-77";"аттракцион зарегистрирован";"парк";"";"";
"2637";"БАТУТНЫЙ КОМПЛЕКС «САВАННА ГБ КОБРА-4»";"2561ce41-976c-4017-9865-8f69497acb74";"2387259969";"Северо-Восточный административный округ";"район Бибирево";"ЭТНОГРАФИЧЕСКАЯ ДЕРЕВНЯ БИБИРЕВО";"2402-77";"аттракцион зарегистрирован";"парк";"";"";
"2641";"БАССЕЙН СБОРНЫЙ МНОГОУГОЛЬНЫЙ МЕТАЛЛИЧЕСКИЙ С ЭЛЕКТРОЛОДКАМИ";"88829819-59f6-402d-8aa5-4fcf48ed077a";"2387259970";"Северо-Восточный административный округ";"район Лианозово";"ГАУК Г. МОСКВЫ ПАРК КУЛЬТУРЫ И ОТДЫХА «ЛИАНОЗОВСКИЙ»";"2406-77";"аттракцион зарегистрирован";"парк";"";"";
"2645";"MINI TRAIN COASTER";"cd439aaf-949a-4572-b391-4ce85eec3aff";"2387259974";"Юго-Восточный административный округ";"район Кузьминки";"ПАРК КУЛЬТУРЫ И ОТДЫХА «КУЗЬМИНКИ»";"2410-77";"аттракцион зарегистрирован";"парк";"";"";
"2651";"БАТУТ ББ.3001";"a0ecfe7c-2769-4b7a-960c-d7dda2b62ca0";"2387259976";"Юго-Западный административный округ";"Обручевский район";"ГАУК Г.МОСКВЫ УСАДЬБА ВОРОНЦОВО";"2415-77";"аттракцион зарегистрирован";"парк";"";"";
"2328";"МГ.4049";"f79c9fea-48b7-4a7f-a3fd-b8b54df64f5a";"2387259977";"Восточный административный округ";"район Измайлово";"ПАРК КУЛЬТУРЫ И ОТДЫХА «ИЗМАЙЛОВСКИЙ»";"0202-77";"аттракцион зарегистрирован";"парк";"";"";
"2652";"GIANT WHEEL/КОЛЕСО ОБОЗРЕНИЯ 136/30/15";"da7f5c28-c595-4a7c-8d71-4aa49d93a86c";"2387301885";"Северо-Восточный административный округ";"Останкинский район";"«ВДНХ»";"2416-77";"аттракцион зарегистрирован";"парк";"";"";
"2519";"CAROUSEL DOUBLE STOREY 10MEH";"8636cc75-309f-4fca-814d-c60bee084dbe";"2389677599";"Юго-Западный административный округ";"район Тёплый Стан";"УЛ. ТЕПЛЫЙ СТАН, Д.1Б";"2290-77";"аттракцион зарегистрирован";"площадка";"";"";
"2662";"МИНИ-ДЖЕТ";"3792d177-10b7-47e2-b338-3c557e4defd6";"2390004973";"Юго-Восточный административный округ";"район Выхино-Жулебино";"УСАДЬБА ДЕДА МОРОЗА";"2426-77";"аттракцион зарегистрирован";"парк";"";"";
"2664";"РАКУШКИ";"48f75f8b-3a26-4acb-b2b4-7d531ff30007";"2392259101";"Восточный административный округ";"район Перово";"ПАРК КУЛЬТУРЫ И ОТДЫХА «ПЕРОВСКИЙ»";"2428-77";"аттракцион зарегистрирован";"парк";"";"";
"2671";"ЗИМНЯЯ ЗАЛИВНАЯ ГОРКА САВУШКА ЗИМА - 12";"e0249e51-26e8-404c-bc47-ac1625af686a";"2402252317";"Западный административный округ";"район Крылатское";"ПАРК «SKAZKA»";"2430-77";"аттракцион зарегистрирован";"парк";"";"";
"2672";"ГОРКА ДЛЯ КАТАНИЯ НА НАДУВНЫХ САНЯХ (ТЮБИНГАХ) ВЕСЁЛЫЙ СПУСК";"40503aef-50f5-4cb3-b0db-d33bab5b3288";"2402252325";"Западный административный округ";"район Проспект Вернадского";"ПАРК 50-ЛЕТИЯ ОКТЯБРЯ";"2431-77";"аттракцион зарегистрирован";"парк";"";"";
"2674";"CAROUSEL DOUBLE STOREY 10MEH";"ad847d72-3508-4a14-aea2-4887adb8d200";"2425360749";"Центральный административный округ";"район Якиманка";"ПУШКИНСКАЯ НАБЕРЕЖНАЯ";"2433-77";"аттракцион зарегистрирован";"площадка";"";"";
"2675";"ЗИМНЯЯ ЗАЛИВНАЯ ГОРКА САВУШКА ЗИМА - 1";"a82b8c21-c2ae-4c07-9d99-d04fff8c05d2";"2426329067";"Северный административный округ";"Хорошёвский район";"ПАРК ХОДЫНСКОЕ ПОЛЕ";"2434-77";"аттракцион зарегистрирован";"парк";"";"";
"2676";"ГОРКА ЗИМНЯЯ - 0530";"d059c7bb-bd4a-49f9-ae59-d7fc0647fa16";"2426329069";"Центральный административный округ";"Таганский район";"ПАРК КУЛЬТУРЫ И ОТДЫХА ТАГАНСКИЙ";"2435-77";"аттракцион зарегистрирован";"парк";"";"";
"2678";"ГОРКА ДЕРЕВЯННАЯ ОДНОСКАТНАЯ, АРТ. 149";"418906f9-9c29-4eb7-b25f-a8781c07858b";"2449265869";"Южный административный округ";"район Орехово-Борисово Северное";"УСАДЬБА «ЦАРИЦЫНО»";"2437-77";"аттракцион зарегистрирован";"парк";"";"";
"2680";"CAROUSEL 7,60";"001119e5-ac19-462b-879c-0b70b4fdab39";"2507495822";"Троицкий административный округ";"поселение Троицк";"Г. МОСКВА, Г. ТРОИЦК, СИРЕНЕВЫЙ Б-Р, ВЛ.2";"2439-77";"аттракцион зарегистрирован";"площадка";"";"";
"2683";"ГОРКА ЗИМНЯЯ - 0527";"6a642a9b-e860-497d-a78d-24c28f1e3bcc";"2507495823";"Западный административный округ";"район Филёвский Парк";"ПАРК КУЛЬТУРЫ И ОТДЫХА «ФИЛИ»";"2442-77";"аттракцион зарегистрирован";"парк";"";"";
"2679";"КОМПЛЕКС СБОРНО-РАЗБОРНАЯ ГОРКА N 2016";"0f054c65-b270-4b76-aa53-7fed4185fda8";"2533871163";"Восточный административный округ";"район Сокольники";"ПАРК КУЛЬТУРЫ И ОТДЫХА «СОКОЛЬНИКИ»";"2438-77";"аттракцион зарегистрирован";"парк";"";"";
"2692";"ГОРКА ЗАЛИВНАЯ";"df002020-dc2d-4bd5-a6ec-27ab7460b91f";"2536105502";"Западный административный округ";"район Филёвский Парк";"ДЕТСКИЙ ПАРК ФИЛИ";"2446-77";"аттракцион зарегистрирован";"парк";"";"";
"2693";"ЗАЛИВНАЯ ГОРКА";"78cc34d5-3389-47e6-8d42-61b08bf5d4bc";"2536105505";"Западный административный округ";"район Филёвский Парк";"ДЕТСКИЙ ПАРК ФИЛИ";"2447-77";"аттракцион зарегистрирован";"парк";"";"";
"2694";"WORLD TRIP";"12aac552-72fd-4c15-a84f-d8720ae7354d";"2564309649";"Восточный административный округ";"район Перово";"ПАРК КУЛЬТУРЫ И ОТДЫХА «ПЕРОВСКИЙ»";"2448-77";"аттракцион зарегистрирован";"парк";"";"";
"378";"ВОЗДУШНЫЙ ШАР";"3b4cbf12-c572-4cd6-ba1e-1b0c14f42266";"2566663215";"Центральный административный округ";"район Якиманка";"ЦЕНТРАЛЬНЫЙ ПАРК КУЛЬТУРЫ И ОТДЫХА ИМЕНИ М. ГОРЬКОГО";"0103-77";"аттракцион зарегистрирован";"парк";"";"";
"411";"MERRY GO ROUND";"26f76e5a-f1ea-4637-98d1-3b0b6123ee16";"2566724584";"Центральный административный округ";"район Якиманка";"ЦЕНТРАЛЬНЫЙ ПАРК КУЛЬТУРЫ И ОТДЫХА ИМЕНИ М. ГОРЬКОГО";"0136-77";"аттракцион зарегистрирован";"парк";"";"";
"2583";"MINI JET 6";"fe457f3f-5cb4-441a-a745-3a11ac5ccadd";"2566780364";"Северный административный округ";"район Левобережный";"ПКИО ПАРК ДРУЖБЫ";"2349-77";"аттракцион зарегистрирован";"парк";"";"";
"2605";"FAMILY SWINGER";"4ccd29f9-dcb9-45c0-8ee9-de36a7f90527";"2571512364";"Юго-Восточный административный округ";"район Кузьминки";"ПАРК КУЛЬТУРЫ И ОТДЫХА «КУЗЬМИНКИ»";"2371-77";"аттракцион зарегистрирован";"парк";"";"";
"2697";"СМЕЛЫЙ ЛЕТЧИК (AIR PORT 6B MINI JET)";"15babc8e-9469-45aa-8560-02649d0589ab";"2582812349";"Центральный административный округ";"район Якиманка";"ЦЕНТРАЛЬНЫЙ ПАРК КУЛЬТУРЫ И ОТДЫХА ИМЕНИ М. ГОРЬКОГО";"2451-77";"аттракцион зарегистрирован";"парк";"";"";
"2698";"MINI FERRIS WHEEL 6";"dcd8b6bf-dd80-4abd-b97c-f50db1bc3305";"2582812359";"Центральный административный округ";"район Якиманка";"ПУШКИНСКАЯ НАБЕРЕЖНАЯ";"2452-77";"аттракцион зарегистрирован";"площадка";"";"";
"2699";"ГУСЕНИЦА";"c7e75c84-8911-4f1c-b6a1-1f6da3a59567";"2582812372";"Северный административный округ";"район Левобережный";"ПКИО ПАРК ДРУЖБЫ";"2453-77";"аттракцион зарегистрирован";"парк";"";"";
"2700";"ЦЕПОЧНАЯ КАРУСЕЛЬ";"68545465-abfb-4413-b0cd-6f4b2d68fe21";"2582812382";"Северный административный округ";"район Левобережный";"ПКИО ПАРК ДРУЖБЫ";"2454-77";"аттракцион зарегистрирован";"парк";"";"";
"2701";"КАРУСЕЛЬ С ЛОШАДКАМИ";"7ffca910-2d58-43a9-8792-2e461eb65df3";"2582812391";"Северный административный округ";"район Левобережный";"ПКИО ПАРК ДРУЖБЫ";"2455-77";"аттракцион зарегистрирован";"парк";"";"";
"2702";"CAROUSEL DOUBLE DECK-PARK MODEL";"69476869-23d6-43ac-826b-c811e72224fc";"2582812402";"Северо-Восточный административный округ";"район Свиблово";"Г. МОСКВА, ПРОЕЗД СЕРЕБРЯКОВА, Д. 14, СТР. 23";"2456-77";"аттракцион зарегистрирован";"площадка";"";"";
"2703";"«АТТРАКЦИОН «МИКС»";"e5182666-9877-40d5-9059-7a0dca0449a0";"2583052213";"Восточный административный округ";"район Сокольники";"ПАРК КУЛЬТУРЫ И ОТДЫХА «СОКОЛЬНИКИ»";"2457-77";"аттракцион зарегистрирован";"парк";"";"";
"2704";"ФРАНЦУЗСКАЯ КАРУСЕЛЬ";"c7ac48b1-ec7f-4828-952f-fe14b324ed4e";"2583052216";"Южный административный округ";"район Нагатинский Затон";"УСАДЬБА «КОЛОМЕНСКОЕ»";"2458-77";"аттракцион зарегистрирован";"парк";"";"";
"2705";"MINI PIRATE SHIP";"a0d61caa-0cee-4a65-b978-925c0538b2e8";"2583088177";"Западный административный округ";"район Крылатское";"ПАРК «SKAZKA»";"2459-77";"аттракцион зарегистрирован";"парк";"";"";
"2706";"KIDDIE SWING";"a54b604b-3d27-4212-857e-a56fbe137216";"2583088178";"Западный административный округ";"район Крылатское";"ПАРК «SKAZKA»";"2460-77";"аттракцион зарегистрирован";"парк";"";"";
"2707";"КОЛЕСО ОБОЗРЕНИЯ";"dbedfe0d-6bee-4fda-abaa-49d3a9786c3d";"2583132272";"Западный административный округ";"район Крылатское";"ПАРК «SKAZKA»";"2461-77";"аттракцион зарегистрирован";"парк";"";"";
"2708";"АТТРАКЦИОН ЗИП ЛАЙН";"cafc2e43-7bad-4d69-ad62-1878d5470d91";"2583188388";"Западный административный округ";"район Раменки";"ЦЕНТРАЛЬНЫЙ ПАРК КУЛЬТУРЫ И ОТДЫХА ИМЕНИ М. ГОРЬКОГО (СПОРТИВНЫЙ КОМПЛЕКС «ВОРОБЬЕВЫ ГОРЫ»)";"2462-77";"аттракцион зарегистрирован";"парк";"";"";
"2709";"БУМЕРАНГ";"b02a89f5-2798-469d-b4b1-8c96463fad76";"2583565151";"Восточный административный округ";"район Измайлово";"ПАРК КУЛЬТУРЫ И ОТДЫХА «ИЗМАЙЛОВСКИЙ»";"2463-77";"аттракцион зарегистрирован";"парк";"";"";
"2710";"ЭВРИКА";"05c6cd9e-2b5d-46b7-bb3e-718f1df65060";"2583950425";"Западный административный округ";"район Филёвский Парк";"ПАРК КУЛЬТУРЫ И ОТДЫХА «ФИЛИ»";"2464-77";"аттракцион зарегистрирован";"парк";"";"";
"2711";"МИНИ-ДЖЕТ 5В";"02e2b93f-517f-4b4f-bc66-50df3fa9419c";"2583950925";"Западный административный округ";"район Филёвский Парк";"ПАРК КУЛЬТУРЫ И ОТДЫХА «ФИЛИ»";"2465-77";"аттракцион зарегистрирован";"парк";"";"";
"2712";"НАДУВНОЙ БАТУТ С ДВУМЯ ГОРКАМИ";"03331d2c-9a5c-442d-bcc2-a40d2e59a94d";"2583951157";"Западный административный округ";"район Филёвский Парк";"ПАРК КУЛЬТУРЫ И ОТДЫХА «ФИЛИ»";"2466-77";"аттракцион зарегистрирован";"парк";"";"";
"2715";"SHARK TRIP";"dda8e703-df4c-4900-9729-7ab12fa9a6e6";"2586492703";"Юго-Западный административный округ";"Обручевский район";"ГАУК Г.МОСКВЫ УСАДЬБА ВОРОНЦОВО";"2471-77";"аттракцион зарегистрирован";"парк";"";"";
"2717";"ПОЕЗД ГУСЕНИЦА";"ffa980a4-aa84-414a-bd21-4c5aec319cf8";"2586492707";"Юго-Западный административный округ";"Обручевский район";"ГАУК Г.МОСКВЫ УСАДЬБА ВОРОНЦОВО";"2473-77";"аттракцион зарегистрирован";"парк";"";"";
"2713";"ЭКСТРИМ-БАТУТ КВАРТЕТ-СТ";"5f7bc6a8-e938-49fd-a4bf-f0f5c84e1fdf";"2586492709";"Восточный административный округ";"район Сокольники";"ПАРК КУЛЬТУРЫ И ОТДЫХА «СОКОЛЬНИКИ»";"2470-77";"аттракцион зарегистрирован";"парк";"";"";
"2716";"JUMP AROUND";"23f667f4-b593-4c31-a47c-8eeb1869064e";"2586492717";"Юго-Западный административный округ";"Обручевский район";"ГАУК Г.МОСКВЫ УСАДЬБА ВОРОНЦОВО";"2472-77";"аттракцион зарегистрирован";"парк";"";"";
"2718";"ГУСЕНИЦА";"51282dc0-83ae-4b88-8914-e2ee5615127b";"2586565362";"Западный административный округ";"район Крылатское";"ПАРК «SKAZKA»";"2468-77";"аттракцион зарегистрирован";"парк";"";"";
"2724";"ОСЬМИНОГ";"1954635b-d9b8-40c5-9385-3d1b8663a377";"2587277810";"Западный административный округ";"район Крылатское";"ПАРК «SKAZKA»";"2476-77";"аттракцион зарегистрирован";"парк";"";"";
"2725";"КЕНГУРУ";"a0ba42c7-9ddc-4568-8309-0b3bbf580cc4";"2587277813";"Западный административный округ";"район Крылатское";"ПАРК «SKAZKA»";"2477-77";"аттракцион зарегистрирован";"парк";"";"";
"2723";"БАТУТНЫЙ КОМПЛЕКС 11,8Х10,6 ГБ-4";"359a0ebb-a775-4404-8b97-1efaac0ed522";"2587277816";"Восточный административный округ";"район Вешняки";"ПАРК РАДУГА";"2475-77";"аттракцион зарегистрирован";"парк";"";"";
"2726";"AIR BOAT (ВОЗДУШНАЯ ЛОДКА)";"5bd3e439-1cf0-4725-b8cd-d6a0919a5798";"2587918519";"Западный административный округ";"район Крылатское";"ПАРК «SKAZKA»";"2478-77";"аттракцион зарегистрирован";"парк";"";"";
"2727";"БАТУТ ШЕРИФ";"4ef07c48-7c23-4d02-9e9d-2599601e9aec";"2591550109";"Восточный административный округ";"район Перово";"ПАРК КУЛЬТУРЫ И ОТДЫХА «ПЕРОВСКИЙ»";"2479-77";"аттракцион зарегистрирован";"парк";"";"";
"2731";"DISKO COASTER 40";"425e36ab-e458-440f-bd0d-ea77f09caa8f";"2591794373";"Северо-Восточный административный округ";"Останкинский район";"«ВДНХ»";"2483-77";"аттракцион зарегистрирован";"парк";"";"";
"2729";"MINI JET 6";"f7faf265-a656-4ddc-9fc0-26cd747d19b4";"2591794375";"Северо-Восточный административный округ";"Останкинский район";"«ВДНХ»";"2481-77";"аттракцион зарегистрирован";"парк";"";"";
"2730";"FAMILY SWINGER";"b46bc5bb-011c-449a-b515-4c694413a54b";"2591794376";"Северо-Восточный административный округ";"Останкинский район";"«ВДНХ»";"2482-77";"аттракцион зарегистрирован";"парк";"";"";
"2728";"AIR RACE 6.4";"cfdf29c9-527a-4354-9dfc-8cc23c045739";"2591794378";"Северо-Восточный административный округ";"Останкинский район";"«ВДНХ»";"2480-77";"аттракцион зарегистрирован";"парк";"";"";
"2737";"НАДУВНАЯ ГОРКА (10Х10Х8/3М)";"c337b37d-0b69-4f6b-acf5-4bd54c26f8f7";"2592316318";"Северо-Западный административный округ";"район Строгино";"АНО ЦРФК «ТЕРРИТОРИЯ СПОРТА»";"2489-77";"аттракцион зарегистрирован";"парк";"";"";
"2739";"КОЛЕСО ОБОЗРЕНИЯ - 40";"af58e9e5-145f-4b3b-bac2-1743bf2c1530";"2597519501";"Восточный административный округ";"район Измайлово";"ПАРК КУЛЬТУРЫ И ОТДЫХА «ИЗМАЙЛОВСКИЙ»";"2490-77";"аттракцион зарегистрирован";"парк";"";"";
"2740";"САМОЛЕТЫ";"6778219e-c8df-4887-b457-486e33370c53";"2598119972";"Западный административный округ";"район Филёвский Парк";"ПАРК КУЛЬТУРЫ И ОТДЫХА «ФИЛИ»";"2491-77";"аттракцион зарегистрирован";"парк";"";"";
"2741";"КАЧЕЛИ ЕРМАК";"d2b1e96f-84eb-429c-ac82-f6895eeda6d8";"2598269221";"Восточный административный округ";"район Измайлово";"ПАРК КУЛЬТУРЫ И ОТДЫХА «ИЗМАЙЛОВСКИЙ»";"2492-77";"аттракцион зарегистрирован";"парк";"";"";
"2743";"TEA CUP 12";"1d575edd-d487-4a3d-b8cd-1db56af97653";"2601933965";"Северо-Восточный административный округ";"Останкинский район";"«ВДНХ»";"2494-77";"аттракцион зарегистрирован";"парк";"";"";
"2744";"CAROUSEL DOUBLE DECK-PARK MODEL";"df4cddbd-3a06-48ea-bb90-8dd5ae422c44";"2603011460";"Западный административный округ";"район Тропарёво-Никулино";"ФЕСТИВАЛЬНАЯ ПЛОЩАДКА";"2495-77";"аттракцион зарегистрирован";"площадка";"";"";
"2745";"САМОЛЕТ";"d5221e19-2d3d-4e15-980b-d63e10322e88";"2603042866";"Северо-Западный административный округ";"район Митино";"ЛАНДШАФТНЫЙ ПАРК МИТИНО";"2496-77";"аттракцион зарегистрирован";"парк";"";"";
"2746";"АВТОДРОМ";"84d2f974-6d92-492b-b98c-88c5b7a575f5";"2603882229";"Западный административный округ";"район Филёвский Парк";"ПАРК КУЛЬТУРЫ И ОТДЫХА «ФИЛИ»";"2497-77";"аттракцион зарегистрирован";"парк";"";"";
"2747";"ФАНТАСТИК ПРО М4";"b601fa15-9404-4f45-bd3c-028844874d6d";"2604251998";"Восточный административный округ";"район Измайлово";"ПАРК КУЛЬТУРЫ И ОТДЫХА «ИЗМАЙЛОВСКИЙ»";"2498-77";"аттракцион зарегистрирован";"парк";"";"";
"2751";"CRAZY BUS";"e5c4db29-84e3-47f0-bcef-bf2cda39c799";"2606623420";"Юго-Западный административный округ";"Обручевский район";"ГАУК Г.МОСКВЫ УСАДЬБА ВОРОНЦОВО";"2502-77";"аттракцион зарегистрирован";"парк";"";"";
"2756";"FANTASTIC JUMP - 2";"5cac892b-9482-4b62-a332-97a70200dae7";"2608429660";"Восточный административный округ";"район Перово";"ПАРК КУЛЬТУРЫ И ОТДЫХА «ПЕРОВСКИЙ»";"2507-77";"аттракцион зарегистрирован";"парк";"";"";
"2757";"САМОЛЕТ";"a5c69f2f-fdae-4fdf-bf03-c5fdd0332d94";"2612910991";"Центральный административный округ";"район Якиманка";"ЦЕНТРАЛЬНЫЙ ПАРК КУЛЬТУРЫ И ОТДЫХА ИМЕНИ М. ГОРЬКОГО";"77-2496";"аттракцион зарегистрирован";"парк";"";"";
"2758";"MERRY GO ROUND";"cc4422da-0f0b-4e48-9688-51cf738b2068";"2615030929";"Северо-Западный административный округ";"район Щукино";"Г. МОСКВА, АВИАЦИОННАЯ УЛ., Д. 24";"77-0136";"аттракцион зарегистрирован";"площадка";"";"";
"2759";"МИНИ-ДЖЕТ";"74dd5e19-9712-47da-96f7-89983a7a92a4";"2621656860";"Юго-Восточный административный округ";"район Кузьминки";"ПАРК КУЛЬТУРЫ И ОТДЫХА «КУЗЬМИНКИ»";"2508-77";"аттракцион зарегистрирован";"парк";"";"";
